mean_fit_time,std_fit_time,mean_score_time,std_score_time,param_clf__bootstrap,param_clf__max_depth,param_clf__max_features,param_clf__min_samples_leaf,param_clf__min_samples_split,param_clf__n_estimators,params,split0_test_score,split1_test_score,split2_test_score,split3_test_score,split4_test_score,mean_test_score,std_test_score,rank_test_score,split0_train_score,split1_train_score,split2_train_score,split3_train_score,split4_train_score,mean_train_score,std_train_score
0.249619197845459,0.053703273521257554,0.015562343597412109,0.003017198742332058,True,3,sqrt,5,2,50,"{'clf__bootstrap': True, 'clf__max_depth': 3, 'clf__max_features': 'sqrt', 'clf__min_samples_leaf': 5, 'clf__min_samples_split': 2, 'clf__n_estimators': 50}",0.5868055555555556,0.5759865659109992,0.5742411812961444,0.615,0.5854077253218885,0.5874882056169175,0.014625078521643575,65,0.5955725840783312,0.5968280467445742,0.587054048280282,0.5875,0.5904963041182683,0.5914901966442911,0.00404344988285
0.41818947792053224,0.05100732872332826,0.021924495697021484,0.00333830156131819,True,3,sqrt,5,2,100,"{'clf__bootstrap': True, 'clf__max_depth': 3, 'clf__max_features': 'sqrt', 'clf__min_samples_leaf': 5, 'clf__min_samples_split': 2, 'clf__n_estimators': 100}",0.5856255545696539,0.5771476230191827,0.57356608478803,0.6091370558375635,0.5934819897084048,0.587791661584567,0.012715032848942341,57,0.5910473707083876,0.5987577639751552,0.591330601682122,0.5885339538819547,0.5922000847816872,0.5923739550058613,0.0034169363031627377
0.19472503662109375,0.025031234376302742,0.015084791183471679,0.003185240384902197,True,3,sqrt,5,5,50,"{'clf__bootstrap': True, 'clf__max_depth': 3, 'clf__max_features': 'sqrt', 'clf__min_samples_leaf': 5, 'clf__min_samples_split': 5, 'clf__n_estimators': 50}",0.5868055555555556,0.5759865659109992,0.5742411812961444,0.615,0.5854077253218885,0.5874882056169175,0.014625078521643575,65,0.5955725840783312,0.5968280467445742,0.587054048280282,0.5875,0.5904963041182683,0.5914901966442911,0.00404344988285
0.3808289051055908,0.034297213701819616,0.021113061904907228,0.0021622562084357244,True,3,sqrt,5,5,100,"{'clf__bootstrap': True, 'clf__max_depth': 3, 'clf__max_features': 'sqrt', 'clf__min_samples_leaf': 5, 'clf__min_samples_split': 5, 'clf__n_estimators': 100}",0.5856255545696539,0.5771476230191827,0.57356608478803,0.6091370558375635,0.5934819897084048,0.587791661584567,0.012715032848942341,57,0.5910473707083876,0.5987577639751552,0.591330601682122,0.5885339538819547,0.5922000847816872,0.5923739550058613,0.0034169363031627377
0.18580250740051268,0.016924067818314913,0.01456279754638672,0.004082905439092469,True,3,sqrt,10,2,50,"{'clf__bootstrap': True, 'clf__max_depth': 3, 'clf__max_features': 'sqrt', 'clf__min_samples_leaf': 10, 'clf__min_samples_split': 2, 'clf__n_estimators': 50}",0.5862966175195143,0.575503355704698,0.5742411812961444,0.6134663341645885,0.5825410544511668,0.5864097086272223,0.014241220816205716,85,0.5952735788801362,0.5968280467445742,0.5866780529461998,0.5876718034152436,0.5905612244897959,0.5914025412951899,0.004034056286692439
0.38422245979309083,0.04644606288087659,0.02573995590209961,0.006353895057352394,True,3,sqrt,10,2,100,"{'clf__bootstrap': True, 'clf__max_depth': 3, 'clf__max_features': 'sqrt', 'clf__min_samples_leaf': 10, 'clf__min_samples_split': 2, 'clf__n_estimators': 100}",0.5851063829787234,0.5766666666666667,0.5730897009966778,0.6099410278011794,0.5899653979238755,0.5869538352734246,0.012953251847118444,81,0.5910473707083876,0.5986338232250051,0.590948275862069,0.588583509513742,0.593949723050703,0.5926325404719813,0.0034494789978726887
0.19217133522033691,0.019442435340704983,0.014275503158569337,0.002607130303910283,True,3,sqrt,10,5,50,"{'clf__bootstrap': True, 'clf__max_depth': 3, 'clf__max_features': 'sqrt', 'clf__min_samples_leaf': 10, 'clf__min_samples_split': 5, 'clf__n_estimators': 50}",0.5862966175195143,0.575503355704698,0.5742411812961444,0.6134663341645885,0.5825410544511668,0.5864097086272223,0.014241220816205716,85,0.5952735788801362,0.5968280467445742,0.5866780529461998,0.5876718034152436,0.5905612244897959,0.5914025412951899,0.004034056286692439
0.38272438049316404,0.04977523454743086,0.021346378326416015,0.002521019707900331,True,3,sqrt,10,5,100,"{'clf__bootstrap': True, 'clf__max_depth': 3, 'clf__max_features': 'sqrt', 'clf__min_samples_leaf': 10, 'clf__min_samples_split': 5, 'clf__n_estimators': 100}",0.5851063829787234,0.5766666666666667,0.5730897009966778,0.6099410278011794,0.5899653979238755,0.5869538352734246,0.012953251847118444,81,0.5910473707083876,0.5986338232250051,0.590948275862069,0.588583509513742,0.593949723050703,0.5926325404719813,0.0034494789978726887
0.17888984680175782,0.023939239493964513,0.011994695663452149,0.0012734776670749043,True,3,sqrt,20,2,50,"{'clf__bootstrap': True, 'clf__max_depth': 3, 'clf__max_features': 'sqrt', 'clf__min_samples_leaf': 20, 'clf__min_samples_split': 2, 'clf__n_estimators': 50}",0.5862966175195143,0.575503355704698,0.5726004922067268,0.6144879267277269,0.5825410544511668,0.5862858893219666,0.014919329358580594,97,0.5954816709292413,0.5967035259753808,0.5869006849315068,0.5875494482615032,0.5907352316192095,0.5914741123433684,0.0040068058082583366
0.40381584167480467,0.026887943215583982,0.021723175048828126,0.0040044758586143805,True,3,sqrt,20,2,100,"{'clf__bootstrap': True, 'clf__max_depth': 3, 'clf__max_features': 'sqrt', 'clf__min_samples_leaf': 20, 'clf__min_samples_split': 2, 'clf__n_estimators': 100}",0.5857142857142857,0.5778517901748543,0.5730897009966778,0.6152556580050293,0.5887445887445888,0.5881312047270872,0.014655148590875576,53,0.5878214992306001,0.5982198302628855,0.591937917654667,0.5896733403582719,0.5935236472092033,0.5922352469431256,0.0035667394545128564
0.17741999626159669,0.010325587496654643,0.012530755996704102,0.0016553625144865788,True,3,sqrt,20,5,50,"{'clf__bootstrap': True, 'clf__max_depth': 3, 'clf__max_features': 'sqrt', 'clf__min_samples_leaf': 20, 'clf__min_samples_split': 5, 'clf__n_estimators': 50}",0.5862966175195143,0.575503355704698,0.5726004922067268,0.6144879267277269,0.5825410544511668,0.5862858893219666,0.014919329358580594,97,0.5954816709292413,0.5967035259753808,0.5869006849315068,0.5875494482615032,0.5907352316192095,0.5914741123433684,0.0040068058082583366
0.39198994636535645,0.03426679597111683,0.02445211410522461,0.006509920200689591,True,3,sqrt,20,5,100,"{'clf__bootstrap': True, 'clf__max_depth': 3, 'clf__max_features': 'sqrt', 'clf__min_samples_leaf': 20, 'clf__min_samples_split': 5, 'clf__n_estimators': 100}",0.5857142857142857,0.5778517901748543,0.5730897009966778,0.6152556580050293,0.5887445887445888,0.5881312047270872,0.014655148590875576,53,0.5878214992306001,0.5982198302628855,0.591937917654667,0.5896733403582719,0.5935236472092033,0.5922352469431256,0.0035667394545128564
0.18151483535766602,0.016402273769996988,0.015014839172363282,0.004888863342712943,True,3,0.5,5,2,50,"{'clf__bootstrap': True, 'clf__max_depth': 3, 'clf__max_features': 0.5, 'clf__min_samples_leaf': 5, 'clf__min_samples_split': 2, 'clf__n_estimators': 50}",0.5868055555555556,0.5759865659109992,0.5742411812961444,0.615,0.5854077253218885,0.5874882056169175,0.014625078521643575,65,0.5955725840783312,0.5968280467445742,0.587054048280282,0.5875,0.5904963041182683,0.5914901966442911,0.00404344988285
0.3542489051818848,0.03598620188450905,0.019762229919433594,0.002667034450669506,True,3,0.5,5,2,100,"{'clf__bootstrap': True, 'clf__max_depth': 3, 'clf__max_features': 0.5, 'clf__min_samples_leaf': 5, 'clf__min_samples_split': 2, 'clf__n_estimators': 100}",0.5856255545696539,0.5771476230191827,0.57356608478803,0.6091370558375635,0.5934819897084048,0.587791661584567,0.012715032848942341,57,0.5910473707083876,0.5987577639751552,0.591330601682122,0.5885339538819547,0.5922000847816872,0.5923739550058613,0.0034169363031627377
0.19798192977905274,0.018821644765729895,0.012742185592651367,0.0008508467265356652,True,3,0.5,5,5,50,"{'clf__bootstrap': True, 'clf__max_depth': 3, 'clf__max_features': 0.5, 'clf__min_samples_leaf': 5, 'clf__min_samples_split': 5, 'clf__n_estimators': 50}",0.5868055555555556,0.5759865659109992,0.5742411812961444,0.615,0.5854077253218885,0.5874882056169175,0.014625078521643575,65,0.5955725840783312,0.5968280467445742,0.587054048280282,0.5875,0.5904963041182683,0.5914901966442911,0.00404344988285
0.36116809844970704,0.027589785117898946,0.022352123260498048,0.00472414525080004,True,3,0.5,5,5,100,"{'clf__bootstrap': True, 'clf__max_depth': 3, 'clf__max_features': 0.5, 'clf__min_samples_leaf': 5, 'clf__min_samples_split': 5, 'clf__n_estimators': 100}",0.5856255545696539,0.5771476230191827,0.57356608478803,0.6091370558375635,0.5934819897084048,0.587791661584567,0.012715032848942341,57,0.5910473707083876,0.5987577639751552,0.591330601682122,0.5885339538819547,0.5922000847816872,0.5923739550058613,0.0034169363031627377
0.18046112060546876,0.019204079914350386,0.013660812377929687,0.0018697297836640248,True,3,0.5,10,2,50,"{'clf__bootstrap': True, 'clf__max_depth': 3, 'clf__max_features': 0.5, 'clf__min_samples_leaf': 10, 'clf__min_samples_split': 2, 'clf__n_estimators': 50}",0.5862966175195143,0.575503355704698,0.5742411812961444,0.6134663341645885,0.5825410544511668,0.5864097086272223,0.014241220816205716,85,0.5952735788801362,0.5968280467445742,0.5866780529461998,0.5876718034152436,0.5905612244897959,0.5914025412951899,0.004034056286692439
0.369182825088501,0.03714160768054337,0.020251369476318358,0.002914467838315549,True,3,0.5,10,2,100,"{'clf__bootstrap': True, 'clf__max_depth': 3, 'clf__max_features': 0.5, 'clf__min_samples_leaf': 10, 'clf__min_samples_split': 2, 'clf__n_estimators': 100}",0.5851063829787234,0.5766666666666667,0.5730897009966778,0.6099410278011794,0.5899653979238755,0.5869538352734246,0.012953251847118444,81,0.5910473707083876,0.5986338232250051,0.590948275862069,0.588583509513742,0.593949723050703,0.5926325404719813,0.0034494789978726887
0.17661056518554688,0.01884059016512874,0.011756610870361329,0.0007999221879341618,True,3,0.5,10,5,50,"{'clf__bootstrap': True, 'clf__max_depth': 3, 'clf__max_features': 0.5, 'clf__min_samples_leaf': 10, 'clf__min_samples_split': 5, 'clf__n_estimators': 50}",0.5862966175195143,0.575503355704698,0.5742411812961444,0.6134663341645885,0.5825410544511668,0.5864097086272223,0.014241220816205716,85,0.5952735788801362,0.5968280467445742,0.5866780529461998,0.5876718034152436,0.5905612244897959,0.5914025412951899,0.004034056286692439
0.3574955940246582,0.05420383792496383,0.018085145950317384,0.001238584556065578,True,3,0.5,10,5,100,"{'clf__bootstrap': True, 'clf__max_depth': 3, 'clf__max_features': 0.5, 'clf__min_samples_leaf': 10, 'clf__min_samples_split': 5, 'clf__n_estimators': 100}",0.5851063829787234,0.5766666666666667,0.5730897009966778,0.6099410278011794,0.5899653979238755,0.5869538352734246,0.012953251847118444,81,0.5910473707083876,0.5986338232250051,0.590948275862069,0.588583509513742,0.593949723050703,0.5926325404719813,0.0034494789978726887
0.19264745712280273,0.016486114294823682,0.014667606353759766,0.0024946843624633007,True,3,0.5,20,2,50,"{'clf__bootstrap': True, 'clf__max_depth': 3, 'clf__max_features': 0.5, 'clf__min_samples_leaf': 20, 'clf__min_samples_split': 2, 'clf__n_estimators': 50}",0.5862966175195143,0.575503355704698,0.5726004922067268,0.6144879267277269,0.5825410544511668,0.5862858893219666,0.014919329358580594,97,0.5954816709292413,0.5967035259753808,0.5869006849315068,0.5875494482615032,0.5907352316192095,0.5914741123433684,0.0040068058082583366
0.35980048179626467,0.031791931230549596,0.01952962875366211,0.0024403889844554056,True,3,0.5,20,2,100,"{'clf__bootstrap': True, 'clf__max_depth': 3, 'clf__max_features': 0.5, 'clf__min_samples_leaf': 20, 'clf__min_samples_split': 2, 'clf__n_estimators': 100}",0.5857142857142857,0.5778517901748543,0.5730897009966778,0.6152556580050293,0.5887445887445888,0.5881312047270872,0.014655148590875576,53,0.5878214992306001,0.5982198302628855,0.591937917654667,0.5896733403582719,0.5935236472092033,0.5922352469431256,0.0035667394545128564
0.18680295944213868,0.024719550666759495,0.014006090164184571,0.00296458950651898,True,3,0.5,20,5,50,"{'clf__bootstrap': True, 'clf__max_depth': 3, 'clf__max_features': 0.5, 'clf__min_samples_leaf': 20, 'clf__min_samples_split': 5, 'clf__n_estimators': 50}",0.5862966175195143,0.575503355704698,0.5726004922067268,0.6144879267277269,0.5825410544511668,0.5862858893219666,0.014919329358580594,97,0.5954816709292413,0.5967035259753808,0.5869006849315068,0.5875494482615032,0.5907352316192095,0.5914741123433684,0.0040068058082583366
0.3612989902496338,0.04209192716238294,0.019824695587158204,0.0014222981735224878,True,3,0.5,20,5,100,"{'clf__bootstrap': True, 'clf__max_depth': 3, 'clf__max_features': 0.5, 'clf__min_samples_leaf': 20, 'clf__min_samples_split': 5, 'clf__n_estimators': 100}",0.5857142857142857,0.5778517901748543,0.5730897009966778,0.6152556580050293,0.5887445887445888,0.5881312047270872,0.014655148590875576,53,0.5878214992306001,0.5982198302628855,0.591937917654667,0.5896733403582719,0.5935236472092033,0.5922352469431256,0.0035667394545128564
0.20268239974975585,0.014628253873975233,0.01480107307434082,0.003645216211989398,True,5,sqrt,5,2,50,"{'clf__bootstrap': True, 'clf__max_depth': 5, 'clf__max_features': 'sqrt', 'clf__min_samples_leaf': 5, 'clf__min_samples_split': 2, 'clf__n_estimators': 50}",0.5903930131004367,0.5755517826825127,0.5757322175732218,0.6116838487972509,0.5909090909090909,0.5888539906125025,0.013243293515513472,37,0.6042918454935622,0.6039166140240051,0.6038709677419355,0.5964077039601818,0.6006899525657611,0.6018354167570891,0.00300935363267344
0.4354545593261719,0.021712237167526193,0.021109533309936524,0.002066418894413475,True,5,sqrt,5,2,100,"{'clf__bootstrap': True, 'clf__max_depth': 5, 'clf__max_features': 'sqrt', 'clf__min_samples_leaf': 5, 'clf__min_samples_split': 2, 'clf__n_estimators': 100}",0.5877192982456141,0.5757832345469941,0.5728643216080402,0.6173688736027515,0.5905923344947736,0.5888656124996346,0.015772897145566376,33,0.6022800602280061,0.603448275862069,0.6049329294677629,0.5968405107119671,0.6018458896758961,0.6018695331891403,0.0027326537917737206
0.20626249313354492,0.022082683721934292,0.014359474182128906,0.002961266050375831,True,5,sqrt,5,5,50,"{'clf__bootstrap': True, 'clf__max_depth': 5, 'clf__max_features': 'sqrt', 'clf__min_samples_leaf': 5, 'clf__min_samples_split': 5, 'clf__n_estimators': 50}",0.5903930131004367,0.5755517826825127,0.5757322175732218,0.6116838487972509,0.5909090909090909,0.5888539906125025,0.013243293515513472,37,0.6042918454935622,0.6039166140240051,0.6038709677419355,0.5964077039601818,0.6006899525657611,0.6018354167570891,0.00300935363267344
0.430646276473999,0.042384477453232046,0.024534082412719725,0.0024952719531297326,True,5,sqrt,5,5,100,"{'clf__bootstrap': True, 'clf__max_depth': 5, 'clf__max_features': 'sqrt', 'clf__min_samples_leaf': 5, 'clf__min_samples_split': 5, 'clf__n_estimators': 100}",0.5877192982456141,0.5757832345469941,0.5728643216080402,0.6173688736027515,0.5905923344947736,0.5888656124996346,0.015772897145566376,33,0.6022800602280061,0.603448275862069,0.6049329294677629,0.5968405107119671,0.6018458896758961,0.6018695331891403,0.0027326537917737206
0.20602717399597167,0.016587679771705492,0.012891864776611328,0.0011706895932159726,True,5,sqrt,10,2,50,"{'clf__bootstrap': True, 'clf__max_depth': 5, 'clf__max_features': 'sqrt', 'clf__min_samples_leaf': 10, 'clf__min_samples_split': 2, 'clf__n_estimators': 50}",0.5905923344947736,0.5769881556683587,0.5745393634840871,0.6164502164502165,0.5961538461538461,0.5909447832502563,0.015110995535307582,5,0.6043627031650983,0.6044556536359815,0.6047917116339305,0.5944660613921314,0.6014257939079715,0.6019003847470227,0.003910155558629979
0.42728657722473146,0.02930215796840532,0.02735457420349121,0.006476829546592864,True,5,sqrt,10,2,100,"{'clf__bootstrap': True, 'clf__max_depth': 5, 'clf__max_features': 'sqrt', 'clf__min_samples_leaf': 10, 'clf__min_samples_split': 2, 'clf__n_estimators': 100}",0.5877192982456141,0.5767599660729432,0.5766974015088013,0.612565445026178,0.5951134380453752,0.5897711097797823,0.013360717268986065,17,0.6034408602150537,0.6035279294414112,0.6032020770229338,0.5959860383944153,0.5989235737351991,0.6010160957618027,0.003054420754015756
0.19737458229064941,0.012575936360632589,0.01530923843383789,0.0030690027895687714,True,5,sqrt,10,5,50,"{'clf__bootstrap': True, 'clf__max_depth': 5, 'clf__max_features': 'sqrt', 'clf__min_samples_leaf': 10, 'clf__min_samples_split': 5, 'clf__n_estimators': 50}",0.5905923344947736,0.5769881556683587,0.5745393634840871,0.6164502164502165,0.5961538461538461,0.5909447832502563,0.015110995535307582,5,0.6043627031650983,0.6044556536359815,0.6047917116339305,0.5944660613921314,0.6014257939079715,0.6019003847470227,0.003910155558629979
0.4337164402008057,0.0298040553266614,0.027264165878295898,0.005045303833024985,True,5,sqrt,10,5,100,"{'clf__bootstrap': True, 'clf__max_depth': 5, 'clf__max_features': 'sqrt', 'clf__min_samples_leaf': 10, 'clf__min_samples_split': 5, 'clf__n_estimators': 100}",0.5877192982456141,0.5767599660729432,0.5766974015088013,0.612565445026178,0.5951134380453752,0.5897711097797823,0.013360717268986065,17,0.6034408602150537,0.6035279294414112,0.6032020770229338,0.5959860383944153,0.5989235737351991,0.6010160957618027,0.003054420754015756
0.19827399253845215,0.01533064336305637,0.012337446212768555,0.0003911500178818392,True,5,sqrt,20,2,50,"{'clf__bootstrap': True, 'clf__max_depth': 5, 'clf__max_features': 'sqrt', 'clf__min_samples_leaf': 20, 'clf__min_samples_split': 2, 'clf__n_estimators': 50}",0.5903930131004367,0.5767918088737202,0.5807531380753138,0.614050303555941,0.5965217391304348,0.5917020005471694,0.013164963962618318,1,0.6024458270757348,0.6026531901452937,0.6035783574046131,0.5931393834129396,0.5990961910910265,0.6001825898259214,0.003835214857672731
0.4163524150848389,0.01837123397482297,0.02550215721130371,0.006908459414769535,True,5,sqrt,20,2,100,"{'clf__bootstrap': True, 'clf__max_depth': 5, 'clf__max_features': 'sqrt', 'clf__min_samples_leaf': 20, 'clf__min_samples_split': 2, 'clf__n_estimators': 100}",0.5882352941176471,0.5777400169923534,0.5788590604026845,0.6132404181184669,0.5958188153310104,0.5907787209924324,0.013026784097138594,9,0.6012058570198106,0.6029813142977115,0.6039453717754173,0.5939473111256259,0.5991416309012876,0.6002442970239705,0.0035491328371932344
0.22207241058349608,0.014087317188505004,0.017763566970825196,0.003267222580999433,True,5,sqrt,20,5,50,"{'clf__bootstrap': True, 'clf__max_depth': 5, 'clf__max_features': 'sqrt', 'clf__min_samples_leaf': 20, 'clf__min_samples_split': 5, 'clf__n_estimators': 50}",0.5903930131004367,0.5767918088737202,0.5807531380753138,0.614050303555941,0.5965217391304348,0.5917020005471694,0.013164963962618318,1,0.6024458270757348,0.6026531901452937,0.6035783574046131,0.5931393834129396,0.5990961910910265,0.6001825898259214,0.003835214857672731
0.40552515983581544,0.02186858366006025,0.024192428588867186,0.00504139733115274,True,5,sqrt,20,5,100,"{'clf__bootstrap': True, 'clf__max_depth': 5, 'clf__max_features': 'sqrt', 'clf__min_samples_leaf': 20, 'clf__min_samples_split': 5, 'clf__n_estimators': 100}",0.5882352941176471,0.5777400169923534,0.5788590604026845,0.6132404181184669,0.5958188153310104,0.5907787209924324,0.013026784097138594,9,0.6012058570198106,0.6029813142977115,0.6039453717754173,0.5939473111256259,0.5991416309012876,0.6002442970239705,0.0035491328371932344
0.23122262954711914,0.019571190547012937,0.014168357849121094,0.0010350327859016428,True,5,0.5,5,2,50,"{'clf__bootstrap': True, 'clf__max_depth': 5, 'clf__max_features': 0.5, 'clf__min_samples_leaf': 5, 'clf__min_samples_split': 2, 'clf__n_estimators': 50}",0.5903930131004367,0.5755517826825127,0.5757322175732218,0.6116838487972509,0.5909090909090909,0.5888539906125025,0.013243293515513472,37,0.6042918454935622,0.6039166140240051,0.6038709677419355,0.5964077039601818,0.6006899525657611,0.6018354167570891,0.00300935363267344
0.42688331604003904,0.031713410517894836,0.02382512092590332,0.006957464678941759,True,5,0.5,5,2,100,"{'clf__bootstrap': True, 'clf__max_depth': 5, 'clf__max_features': 0.5, 'clf__min_samples_leaf': 5, 'clf__min_samples_split': 2, 'clf__n_estimators': 100}",0.5877192982456141,0.5757832345469941,0.5728643216080402,0.6173688736027515,0.5905923344947736,0.5888656124996346,0.015772897145566376,33,0.6022800602280061,0.603448275862069,0.6049329294677629,0.5968405107119671,0.6018458896758961,0.6018695331891403,0.0027326537917737206
0.20887084007263185,0.024401375067337815,0.01366438865661621,0.00151694550147112,True,5,0.5,5,5,50,"{'clf__bootstrap': True, 'clf__max_depth': 5, 'clf__max_features': 0.5, 'clf__min_samples_leaf': 5, 'clf__min_samples_split': 5, 'clf__n_estimators': 50}",0.5903930131004367,0.5755517826825127,0.5757322175732218,0.6116838487972509,0.5909090909090909,0.5888539906125025,0.013243293515513472,37,0.6042918454935622,0.6039166140240051,0.6038709677419355,0.5964077039601818,0.6006899525657611,0.6018354167570891,0.00300935363267344
0.4082066059112549,0.021677807194072158,0.02026090621948242,0.0017863538830825833,True,5,0.5,5,5,100,"{'clf__bootstrap': True, 'clf__max_depth': 5, 'clf__max_features': 0.5, 'clf__min_samples_leaf': 5, 'clf__min_samples_split': 5, 'clf__n_estimators': 100}",0.5877192982456141,0.5757832345469941,0.5728643216080402,0.6173688736027515,0.5905923344947736,0.5888656124996346,0.015772897145566376,33,0.6022800602280061,0.603448275862069,0.6049329294677629,0.5968405107119671,0.6018458896758961,0.6018695331891403,0.0027326537917737206
0.2238394260406494,0.025018648310549924,0.015273141860961913,0.0018528630772783107,True,5,0.5,10,2,50,"{'clf__bootstrap': True, 'clf__max_depth': 5, 'clf__max_features': 0.5, 'clf__min_samples_leaf': 10, 'clf__min_samples_split': 2, 'clf__n_estimators': 50}",0.5905923344947736,0.5769881556683587,0.5745393634840871,0.6164502164502165,0.5961538461538461,0.5909447832502563,0.015110995535307582,5,0.6043627031650983,0.6044556536359815,0.6047917116339305,0.5944660613921314,0.6014257939079715,0.6019003847470227,0.003910155558629979
0.41739592552185056,0.014282608507586371,0.022780227661132812,0.0032205245159143176,True,5,0.5,10,2,100,"{'clf__bootstrap': True, 'clf__max_depth': 5, 'clf__max_features': 0.5, 'clf__min_samples_leaf': 10, 'clf__min_samples_split': 2, 'clf__n_estimators': 100}",0.5877192982456141,0.5767599660729432,0.5766974015088013,0.612565445026178,0.5951134380453752,0.5897711097797823,0.013360717268986065,17,0.6034408602150537,0.6035279294414112,0.6032020770229338,0.5959860383944153,0.5989235737351991,0.6010160957618027,0.003054420754015756
0.21660466194152833,0.0221181806578163,0.012965679168701172,0.0022349101889799373,True,5,0.5,10,5,50,"{'clf__bootstrap': True, 'clf__max_depth': 5, 'clf__max_features': 0.5, 'clf__min_samples_leaf': 10, 'clf__min_samples_split': 5, 'clf__n_estimators': 50}",0.5905923344947736,0.5769881556683587,0.5745393634840871,0.6164502164502165,0.5961538461538461,0.5909447832502563,0.015110995535307582,5,0.6043627031650983,0.6044556536359815,0.6047917116339305,0.5944660613921314,0.6014257939079715,0.6019003847470227,0.003910155558629979
0.430957555770874,0.031177092231504295,0.025431060791015626,0.003795757838258766,True,5,0.5,10,5,100,"{'clf__bootstrap': True, 'clf__max_depth': 5, 'clf__max_features': 0.5, 'clf__min_samples_leaf': 10, 'clf__min_samples_split': 5, 'clf__n_estimators': 100}",0.5877192982456141,0.5767599660729432,0.5766974015088013,0.612565445026178,0.5951134380453752,0.5897711097797823,0.013360717268986065,17,0.6034408602150537,0.6035279294414112,0.6032020770229338,0.5959860383944153,0.5989235737351991,0.6010160957618027,0.003054420754015756
0.19427714347839356,0.010522816111357365,0.015226078033447266,0.0024166813597707583,True,5,0.5,20,2,50,"{'clf__bootstrap': True, 'clf__max_depth': 5, 'clf__max_features': 0.5, 'clf__min_samples_leaf': 20, 'clf__min_samples_split': 2, 'clf__n_estimators': 50}",0.5903930131004367,0.5767918088737202,0.5807531380753138,0.614050303555941,0.5965217391304348,0.5917020005471694,0.013164963962618318,1,0.6024458270757348,0.6026531901452937,0.6035783574046131,0.5931393834129396,0.5990961910910265,0.6001825898259214,0.003835214857672731
0.4073089599609375,0.019634334771255996,0.023732900619506836,0.004812410979915614,True,5,0.5,20,2,100,"{'clf__bootstrap': True, 'clf__max_depth': 5, 'clf__max_features': 0.5, 'clf__min_samples_leaf': 20, 'clf__min_samples_split': 2, 'clf__n_estimators': 100}",0.5882352941176471,0.5777400169923534,0.5788590604026845,0.6132404181184669,0.5958188153310104,0.5907787209924324,0.013026784097138594,9,0.6012058570198106,0.6029813142977115,0.6039453717754173,0.5939473111256259,0.5991416309012876,0.6002442970239705,0.0035491328371932344
0.2380525588989258,0.02803032499627266,0.013375234603881837,0.0011777008889458848,True,5,0.5,20,5,50,"{'clf__bootstrap': True, 'clf__max_depth': 5, 'clf__max_features': 0.5, 'clf__min_samples_leaf': 20, 'clf__min_samples_split': 5, 'clf__n_estimators': 50}",0.5903930131004367,0.5767918088737202,0.5807531380753138,0.614050303555941,0.5965217391304348,0.5917020005471694,0.013164963962618318,1,0.6024458270757348,0.6026531901452937,0.6035783574046131,0.5931393834129396,0.5990961910910265,0.6001825898259214,0.003835214857672731
0.40216426849365233,0.014890702026514454,0.023874807357788085,0.0026603741079304394,True,5,0.5,20,5,100,"{'clf__bootstrap': True, 'clf__max_depth': 5, 'clf__max_features': 0.5, 'clf__min_samples_leaf': 20, 'clf__min_samples_split': 5, 'clf__n_estimators': 100}",0.5882352941176471,0.5777400169923534,0.5788590604026845,0.6132404181184669,0.5958188153310104,0.5907787209924324,0.013026784097138594,9,0.6012058570198106,0.6029813142977115,0.6039453717754173,0.5939473111256259,0.5991416309012876,0.6002442970239705,0.0035491328371932344
0.23600082397460936,0.01813323345308243,0.01670999526977539,0.0033699621598841066,True,7,sqrt,5,2,50,"{'clf__bootstrap': True, 'clf__max_depth': 7, 'clf__max_features': 'sqrt', 'clf__min_samples_leaf': 5, 'clf__min_samples_split': 2, 'clf__n_estimators': 50}",0.5869759143621767,0.5714285714285714,0.5728813559322034,0.6114081996434938,0.585278276481149,0.5855944635695188,0.014357248737910399,109,0.6188162544169611,0.6212784588441331,0.621978021978022,0.6126367492743916,0.614460511679644,0.6178339992386304,0.0036984828558561224
0.49889092445373534,0.036204217710363494,0.02982306480407715,0.004059725138192717,True,7,sqrt,5,2,100,"{'clf__bootstrap': True, 'clf__max_depth': 7, 'clf__max_features': 'sqrt', 'clf__min_samples_leaf': 5, 'clf__min_samples_split': 2, 'clf__n_estimators': 100}",0.5869759143621767,0.5701676963812886,0.5745950554134698,0.6083853702051739,0.5880250223413762,0.5856298117406971,0.013313206418502803,105,0.6179255670557146,0.6241844280121792,0.6206896551724138,0.6140782122905027,0.615861763402747,0.6185479251867114,0.003575983768994097
0.23937544822692872,0.004883866225757681,0.016619443893432617,0.003706030859381947,True,7,sqrt,5,5,50,"{'clf__bootstrap': True, 'clf__max_depth': 7, 'clf__max_features': 'sqrt', 'clf__min_samples_leaf': 5, 'clf__min_samples_split': 5, 'clf__n_estimators': 50}",0.5869759143621767,0.5714285714285714,0.5728813559322034,0.6114081996434938,0.585278276481149,0.5855944635695188,0.014357248737910399,109,0.6188162544169611,0.6212784588441331,0.621978021978022,0.6126367492743916,0.614460511679644,0.6178339992386304,0.0036984828558561224
0.47548580169677734,0.028634436830940396,0.024014759063720702,0.001169130698688237,True,7,sqrt,5,5,100,"{'clf__bootstrap': True, 'clf__max_depth': 7, 'clf__max_features': 'sqrt', 'clf__min_samples_leaf': 5, 'clf__min_samples_split': 5, 'clf__n_estimators': 100}",0.5869759143621767,0.5701676963812886,0.5745950554134698,0.6083853702051739,0.5880250223413762,0.5856298117406971,0.013313206418502803,105,0.6179255670557146,0.6241844280121792,0.6206896551724138,0.6140782122905027,0.615861763402747,0.6185479251867114,0.003575983768994097
0.26022958755493164,0.012239362216181294,0.017444705963134764,0.004474680146111899,True,7,sqrt,10,2,50,"{'clf__bootstrap': True, 'clf__max_depth': 7, 'clf__max_features': 'sqrt', 'clf__min_samples_leaf': 10, 'clf__min_samples_split': 2, 'clf__n_estimators': 50}",0.5848888888888889,0.5759717314487632,0.5680068434559452,0.6093888396811338,0.5828877005347594,0.5842288008018981,0.01390390532944001,117,0.612497240008832,0.6201818969250757,0.6202783300198808,0.609468770837964,0.616166077738516,0.6157184631060536,0.004250880338840256
0.46840271949768064,0.02799847072635301,0.027469110488891602,0.0030935781897289925,True,7,sqrt,10,2,100,"{'clf__bootstrap': True, 'clf__max_depth': 7, 'clf__max_features': 'sqrt', 'clf__min_samples_leaf': 10, 'clf__min_samples_split': 2, 'clf__n_estimators': 100}",0.5871886120996441,0.5776997366110623,0.5733905579399141,0.605683836589698,0.5831111111111111,0.5854147708702859,0.01116594676994991,113,0.6138526222615623,0.6176407159801596,0.6173662003109038,0.60786065207682,0.6128391793514228,0.6139118739961738,0.0035667381209270304
0.25552983283996583,0.01220189328619663,0.014756059646606446,0.0010760747562785244,True,7,sqrt,10,5,50,"{'clf__bootstrap': True, 'clf__max_depth': 7, 'clf__max_features': 'sqrt', 'clf__min_samples_leaf': 10, 'clf__min_samples_split': 5, 'clf__n_estimators': 50}",0.5848888888888889,0.5759717314487632,0.5680068434559452,0.6093888396811338,0.5828877005347594,0.5842288008018981,0.01390390532944001,117,0.612497240008832,0.6201818969250757,0.6202783300198808,0.609468770837964,0.616166077738516,0.6157184631060536,0.004250880338840256
0.4815868377685547,0.024689120296723828,0.024151086807250977,0.0025274950336524856,True,7,sqrt,10,5,100,"{'clf__bootstrap': True, 'clf__max_depth': 7, 'clf__max_features': 'sqrt', 'clf__min_samples_leaf': 10, 'clf__min_samples_split': 5, 'clf__n_estimators': 100}",0.5871886120996441,0.5776997366110623,0.5733905579399141,0.605683836589698,0.5831111111111111,0.5854147708702859,0.01116594676994991,113,0.6138526222615623,0.6176407159801596,0.6173662003109038,0.60786065207682,0.6128391793514228,0.6139118739961738,0.0035667381209270304
0.23663220405578614,0.013220805760478849,0.015907764434814453,0.0018189770829812027,True,7,sqrt,20,2,50,"{'clf__bootstrap': True, 'clf__max_depth': 7, 'clf__max_features': 'sqrt', 'clf__min_samples_leaf': 20, 'clf__min_samples_split': 2, 'clf__n_estimators': 50}",0.5913978494623656,0.5789938217122683,0.5784982935153583,0.6044444444444445,0.5848888888888889,0.5876446596046652,0.009616719668253879,61,0.6117127071823204,0.6116525882607754,0.6132923886817284,0.6004444444444444,0.6111111111111112,0.6096426479360759,0.00465637078575552
0.45943632125854494,0.023107828133398643,0.025230884552001953,0.0019439940408012529,True,7,sqrt,20,2,100,"{'clf__bootstrap': True, 'clf__max_depth': 7, 'clf__max_features': 'sqrt', 'clf__min_samples_leaf': 20, 'clf__min_samples_split': 2, 'clf__n_estimators': 100}",0.5882352941176471,0.5807590467784642,0.5755764304013663,0.6023029229406555,0.5818505338078291,0.5857448456091925,0.009206441016087068,101,0.6102440096724555,0.6129589632829374,0.6134806629834254,0.6020884247944901,0.6096752816434725,0.6096894684753561,0.004077899810900911
0.24479708671569825,0.015320335460748758,0.014958572387695313,0.0014573709215942243,True,7,sqrt,20,5,50,"{'clf__bootstrap': True, 'clf__max_depth': 7, 'clf__max_features': 'sqrt', 'clf__min_samples_leaf': 20, 'clf__min_samples_split': 5, 'clf__n_estimators': 50}",0.5913978494623656,0.5789938217122683,0.5784982935153583,0.6044444444444445,0.5848888888888889,0.5876446596046652,0.009616719668253879,61,0.6117127071823204,0.6116525882607754,0.6132923886817284,0.6004444444444444,0.6111111111111112,0.6096426479360759,0.00465637078575552
0.4565728664398193,0.026212518912964687,0.02619280815124512,0.003013751475607805,True,7,sqrt,20,5,100,"{'clf__bootstrap': True, 'clf__max_depth': 7, 'clf__max_features': 'sqrt', 'clf__min_samples_leaf': 20, 'clf__min_samples_split': 5, 'clf__n_estimators': 100}",0.5882352941176471,0.5807590467784642,0.5755764304013663,0.6023029229406555,0.5818505338078291,0.5857448456091925,0.009206441016087068,101,0.6102440096724555,0.6129589632829374,0.6134806629834254,0.6020884247944901,0.6096752816434725,0.6096894684753561,0.004077899810900911
0.2469249725341797,0.0076537906359878454,0.014617633819580079,0.0008698992749155084,True,7,0.5,5,2,50,"{'clf__bootstrap': True, 'clf__max_depth': 7, 'clf__max_features': 0.5, 'clf__min_samples_leaf': 5, 'clf__min_samples_split': 2, 'clf__n_estimators': 50}",0.5869759143621767,0.5714285714285714,0.5728813559322034,0.6114081996434938,0.585278276481149,0.5855944635695188,0.014357248737910399,109,0.6188162544169611,0.6212784588441331,0.621978021978022,0.6126367492743916,0.614460511679644,0.6178339992386304,0.0036984828558561224
0.4757235050201416,0.009579097912735668,0.025391530990600587,0.00239927464586159,True,7,0.5,5,2,100,"{'clf__bootstrap': True, 'clf__max_depth': 7, 'clf__max_features': 0.5, 'clf__min_samples_leaf': 5, 'clf__min_samples_split': 2, 'clf__n_estimators': 100}",0.5869759143621767,0.5701676963812886,0.5745950554134698,0.6083853702051739,0.5880250223413762,0.5856298117406971,0.013313206418502803,105,0.6179255670557146,0.6241844280121792,0.6206896551724138,0.6140782122905027,0.615861763402747,0.6185479251867114,0.003575983768994097
0.24385490417480468,0.008214438069589984,0.017327594757080077,0.004248904820133669,True,7,0.5,5,5,50,"{'clf__bootstrap': True, 'clf__max_depth': 7, 'clf__max_features': 0.5, 'clf__min_samples_leaf': 5, 'clf__min_samples_split': 5, 'clf__n_estimators': 50}",0.5869759143621767,0.5714285714285714,0.5728813559322034,0.6114081996434938,0.585278276481149,0.5855944635695188,0.014357248737910399,109,0.6188162544169611,0.6212784588441331,0.621978021978022,0.6126367492743916,0.614460511679644,0.6178339992386304,0.0036984828558561224
0.48513221740722656,0.021873882020855783,0.02666153907775879,0.0035258973403393835,True,7,0.5,5,5,100,"{'clf__bootstrap': True, 'clf__max_depth': 7, 'clf__max_features': 0.5, 'clf__min_samples_leaf': 5, 'clf__min_samples_split': 5, 'clf__n_estimators': 100}",0.5869759143621767,0.5701676963812886,0.5745950554134698,0.6083853702051739,0.5880250223413762,0.5856298117406971,0.013313206418502803,105,0.6179255670557146,0.6241844280121792,0.6206896551724138,0.6140782122905027,0.615861763402747,0.6185479251867114,0.003575983768994097
0.2433330535888672,0.021087130132547188,0.015299177169799805,0.0016220319233059902,True,7,0.5,10,2,50,"{'clf__bootstrap': True, 'clf__max_depth': 7, 'clf__max_features': 0.5, 'clf__min_samples_leaf': 10, 'clf__min_samples_split': 2, 'clf__n_estimators': 50}",0.5848888888888889,0.5759717314487632,0.5680068434559452,0.6093888396811338,0.5828877005347594,0.5842288008018981,0.01390390532944001,117,0.612497240008832,0.6201818969250757,0.6202783300198808,0.609468770837964,0.616166077738516,0.6157184631060536,0.004250880338840256
0.4819758415222168,0.033721768463742946,0.029672622680664062,0.007364661869796075,True,7,0.5,10,2,100,"{'clf__bootstrap': True, 'clf__max_depth': 7, 'clf__max_features': 0.5, 'clf__min_samples_leaf': 10, 'clf__min_samples_split': 2, 'clf__n_estimators': 100}",0.5871886120996441,0.5776997366110623,0.5733905579399141,0.605683836589698,0.5831111111111111,0.5854147708702859,0.01116594676994991,113,0.6138526222615623,0.6176407159801596,0.6173662003109038,0.60786065207682,0.6128391793514228,0.6139118739961738,0.0035667381209270304
0.23543891906738282,0.011112268409188846,0.013982725143432618,0.0009791544862320584,True,7,0.5,10,5,50,"{'clf__bootstrap': True, 'clf__max_depth': 7, 'clf__max_features': 0.5, 'clf__min_samples_leaf': 10, 'clf__min_samples_split': 5, 'clf__n_estimators': 50}",0.5848888888888889,0.5759717314487632,0.5680068434559452,0.6093888396811338,0.5828877005347594,0.5842288008018981,0.01390390532944001,117,0.612497240008832,0.6201818969250757,0.6202783300198808,0.609468770837964,0.616166077738516,0.6157184631060536,0.004250880338840256
0.4749873161315918,0.038064611409131074,0.028151702880859376,0.005554963119687114,True,7,0.5,10,5,100,"{'clf__bootstrap': True, 'clf__max_depth': 7, 'clf__max_features': 0.5, 'clf__min_samples_leaf': 10, 'clf__min_samples_split': 5, 'clf__n_estimators': 100}",0.5871886120996441,0.5776997366110623,0.5733905579399141,0.605683836589698,0.5831111111111111,0.5854147708702859,0.01116594676994991,113,0.6138526222615623,0.6176407159801596,0.6173662003109038,0.60786065207682,0.6128391793514228,0.6139118739961738,0.0035667381209270304
0.24493880271911622,0.015609290261055599,0.015560245513916016,0.0017076631064731637,True,7,0.5,20,2,50,"{'clf__bootstrap': True, 'clf__max_depth': 7, 'clf__max_features': 0.5, 'clf__min_samples_leaf': 20, 'clf__min_samples_split': 2, 'clf__n_estimators': 50}",0.5913978494623656,0.5789938217122683,0.5784982935153583,0.6044444444444445,0.5848888888888889,0.5876446596046652,0.009616719668253879,61,0.6117127071823204,0.6116525882607754,0.6132923886817284,0.6004444444444444,0.6111111111111112,0.6096426479360759,0.00465637078575552
0.45003862380981446,0.014417008139446918,0.02926802635192871,0.007858007398071597,True,7,0.5,20,2,100,"{'clf__bootstrap': True, 'clf__max_depth': 7, 'clf__max_features': 0.5, 'clf__min_samples_leaf': 20, 'clf__min_samples_split': 2, 'clf__n_estimators': 100}",0.5882352941176471,0.5807590467784642,0.5755764304013663,0.6023029229406555,0.5818505338078291,0.5857448456091925,0.009206441016087068,101,0.6102440096724555,0.6129589632829374,0.6134806629834254,0.6020884247944901,0.6096752816434725,0.6096894684753561,0.004077899810900911
0.24396133422851562,0.008959238460134382,0.015413379669189453,0.0014329631031051774,True,7,0.5,20,5,50,"{'clf__bootstrap': True, 'clf__max_depth': 7, 'clf__max_features': 0.5, 'clf__min_samples_leaf': 20, 'clf__min_samples_split': 5, 'clf__n_estimators': 50}",0.5913978494623656,0.5789938217122683,0.5784982935153583,0.6044444444444445,0.5848888888888889,0.5876446596046652,0.009616719668253879,61,0.6117127071823204,0.6116525882607754,0.6132923886817284,0.6004444444444444,0.6111111111111112,0.6096426479360759,0.00465637078575552
0.47666254043579104,0.03640518633859399,0.024353981018066406,0.0014651695214559894,True,7,0.5,20,5,100,"{'clf__bootstrap': True, 'clf__max_depth': 7, 'clf__max_features': 0.5, 'clf__min_samples_leaf': 20, 'clf__min_samples_split': 5, 'clf__n_estimators': 100}",0.5882352941176471,0.5807590467784642,0.5755764304013663,0.6023029229406555,0.5818505338078291,0.5857448456091925,0.009206441016087068,101,0.6102440096724555,0.6129589632829374,0.6134806629834254,0.6020884247944901,0.6096752816434725,0.6096894684753561,0.004077899810900911
0.17134037017822265,0.013891574458531482,0.013895273208618164,0.0034926186584199057,False,3,sqrt,5,2,50,"{'clf__bootstrap': False, 'clf__max_depth': 3, 'clf__max_features': 'sqrt', 'clf__min_samples_leaf': 5, 'clf__min_samples_split': 2, 'clf__n_estimators': 50}",0.5867126833477135,0.574485596707819,0.5851239669421487,0.6123101518784972,0.5870479394449117,0.589136067664218,0.012474008991696053,29,0.597172399240346,0.5998768220078012,0.593573599652627,0.5935871743486973,0.592501536570375,0.5953423063639693,0.002763688003458396
0.3424170970916748,0.025653378871419625,0.020136594772338867,0.002880850272491337,False,3,sqrt,5,2,100,"{'clf__bootstrap': False, 'clf__max_depth': 3, 'clf__max_features': 'sqrt', 'clf__min_samples_leaf': 5, 'clf__min_samples_split': 2, 'clf__n_estimators': 100}",0.5869191049913941,0.574485596707819,0.5721694036300777,0.6148867313915858,0.5870479394449117,0.5871017552331577,0.015193312592774363,69,0.5970149253731343,0.5997536945812808,0.5780189959294437,0.5934778205387887,0.592501536570375,0.5921533945986045,0.0075240358045491045
0.1762993812561035,0.009710959459935104,0.012253522872924805,0.0013882224481753661,False,3,sqrt,5,5,50,"{'clf__bootstrap': False, 'clf__max_depth': 3, 'clf__max_features': 'sqrt', 'clf__min_samples_leaf': 5, 'clf__min_samples_split': 5, 'clf__n_estimators': 50}",0.5867126833477135,0.574485596707819,0.5851239669421487,0.6123101518784972,0.5870479394449117,0.589136067664218,0.012474008991696053,29,0.597172399240346,0.5998768220078012,0.593573599652627,0.5935871743486973,0.592501536570375,0.5953423063639693,0.002763688003458396
0.33617558479309084,0.02143129880794929,0.01892428398132324,0.0018975034923233935,False,3,sqrt,5,5,100,"{'clf__bootstrap': False, 'clf__max_depth': 3, 'clf__max_features': 'sqrt', 'clf__min_samples_leaf': 5, 'clf__min_samples_split': 5, 'clf__n_estimators': 100}",0.5869191049913941,0.574485596707819,0.5721694036300777,0.6148867313915858,0.5870479394449117,0.5871017552331577,0.015193312592774363,69,0.5970149253731343,0.5997536945812808,0.5780189959294437,0.5934778205387887,0.592501536570375,0.5921533945986045,0.0075240358045491045
0.18249573707580566,0.011677436831051076,0.011702823638916015,0.000453382813193135,False,3,sqrt,10,2,50,"{'clf__bootstrap': False, 'clf__max_depth': 3, 'clf__max_features': 'sqrt', 'clf__min_samples_leaf': 10, 'clf__min_samples_split': 2, 'clf__n_estimators': 50}",0.5867126833477135,0.574485596707819,0.5851239669421487,0.6132906325060048,0.5870479394449117,0.5893321637897195,0.012839135926517507,25,0.597172399240346,0.5998768220078012,0.593573599652627,0.5935871743486973,0.592501536570375,0.5953423063639693,0.002763688003458396
0.3334802627563477,0.019410296020989246,0.01813020706176758,0.001742620079863101,False,3,sqrt,10,2,100,"{'clf__bootstrap': False, 'clf__max_depth': 3, 'clf__max_features': 'sqrt', 'clf__min_samples_leaf': 10, 'clf__min_samples_split': 2, 'clf__n_estimators': 100}",0.5869191049913941,0.574485596707819,0.5721694036300777,0.6148867313915858,0.5870479394449117,0.5871017552331577,0.015193312592774363,69,0.5970149253731343,0.5997536945812808,0.5780189959294437,0.5933576346699069,0.592501536570375,0.5921293574248281,0.007519957115441101
0.18582839965820314,0.013681160362150026,0.012958192825317382,0.002387468279468268,False,3,sqrt,10,5,50,"{'clf__bootstrap': False, 'clf__max_depth': 3, 'clf__max_features': 'sqrt', 'clf__min_samples_leaf': 10, 'clf__min_samples_split': 5, 'clf__n_estimators': 50}",0.5867126833477135,0.574485596707819,0.5851239669421487,0.6132906325060048,0.5870479394449117,0.5893321637897195,0.012839135926517507,25,0.597172399240346,0.5998768220078012,0.593573599652627,0.5935871743486973,0.592501536570375,0.5953423063639693,0.002763688003458396
0.3366283893585205,0.010113446366499803,0.018860483169555665,0.00210400929895223,False,3,sqrt,10,5,100,"{'clf__bootstrap': False, 'clf__max_depth': 3, 'clf__max_features': 'sqrt', 'clf__min_samples_leaf': 10, 'clf__min_samples_split': 5, 'clf__n_estimators': 100}",0.5869191049913941,0.574485596707819,0.5721694036300777,0.6148867313915858,0.5870479394449117,0.5871017552331577,0.015193312592774363,69,0.5970149253731343,0.5997536945812808,0.5780189959294437,0.5933576346699069,0.592501536570375,0.5921293574248281,0.007519957115441101
0.1711329460144043,0.012308130238230963,0.01341552734375,0.003783775926808514,False,3,sqrt,20,2,50,"{'clf__bootstrap': False, 'clf__max_depth': 3, 'clf__max_features': 'sqrt', 'clf__min_samples_leaf': 20, 'clf__min_samples_split': 2, 'clf__n_estimators': 50}",0.5867126833477135,0.5756578947368421,0.5841584158415841,0.6132906325060048,0.5870479394449117,0.5893735131754112,0.012647785062812495,21,0.597172399240346,0.5996306176893085,0.5931064383264687,0.5935871743486973,0.592501536570375,0.5951996332350392,0.0027490595898579887
0.3484840393066406,0.025497344046895284,0.01921501159667969,0.0014574552631466124,False,3,sqrt,20,2,100,"{'clf__bootstrap': False, 'clf__max_depth': 3, 'clf__max_features': 'sqrt', 'clf__min_samples_leaf': 20, 'clf__min_samples_split': 2, 'clf__n_estimators': 100}",0.5867126833477135,0.5756578947368421,0.5706896551724138,0.6148867313915858,0.5870479394449117,0.5869989808186934,0.01531290522244022,77,0.5973423328411728,0.5996306176893085,0.5774870290999323,0.5933576346699069,0.592501536570375,0.5920638301741391,0.0077390892258091355
0.1713862895965576,0.007479798370713928,0.011389970779418945,0.0006149771251058327,False,3,sqrt,20,5,50,"{'clf__bootstrap': False, 'clf__max_depth': 3, 'clf__max_features': 'sqrt', 'clf__min_samples_leaf': 20, 'clf__min_samples_split': 5, 'clf__n_estimators': 50}",0.5867126833477135,0.5756578947368421,0.5841584158415841,0.6132906325060048,0.5870479394449117,0.5893735131754112,0.012647785062812495,21,0.597172399240346,0.5996306176893085,0.5931064383264687,0.5935871743486973,0.592501536570375,0.5951996332350392,0.0027490595898579887
0.3269496917724609,0.018811323778818816,0.020809030532836913,0.0019224608148770493,False,3,sqrt,20,5,100,"{'clf__bootstrap': False, 'clf__max_depth': 3, 'clf__max_features': 'sqrt', 'clf__min_samples_leaf': 20, 'clf__min_samples_split': 5, 'clf__n_estimators': 100}",0.5867126833477135,0.5756578947368421,0.5706896551724138,0.6148867313915858,0.5870479394449117,0.5869989808186934,0.01531290522244022,77,0.5973423328411728,0.5996306176893085,0.5774870290999323,0.5933576346699069,0.592501536570375,0.5920638301741391,0.0077390892258091355
0.1789686679840088,0.018540590986540453,0.015365123748779297,0.004113224960568649,False,3,0.5,5,2,50,"{'clf__bootstrap': False, 'clf__max_depth': 3, 'clf__max_features': 0.5, 'clf__min_samples_leaf': 5, 'clf__min_samples_split': 2, 'clf__n_estimators': 50}",0.5867126833477135,0.574485596707819,0.5851239669421487,0.6123101518784972,0.5870479394449117,0.589136067664218,0.012474008991696053,29,0.597172399240346,0.5998768220078012,0.593573599652627,0.5935871743486973,0.592501536570375,0.5953423063639693,0.002763688003458396
0.32778496742248536,0.022267213000926357,0.01850123405456543,0.0003017997416233657,False,3,0.5,5,2,100,"{'clf__bootstrap': False, 'clf__max_depth': 3, 'clf__max_features': 0.5, 'clf__min_samples_leaf': 5, 'clf__min_samples_split': 2, 'clf__n_estimators': 100}",0.5869191049913941,0.574485596707819,0.5721694036300777,0.6148867313915858,0.5870479394449117,0.5871017552331577,0.015193312592774363,69,0.5970149253731343,0.5997536945812808,0.5780189959294437,0.5934778205387887,0.592501536570375,0.5921533945986045,0.0075240358045491045
0.1799006938934326,0.01330812708226399,0.013690996170043945,0.0014614189707064513,False,3,0.5,5,5,50,"{'clf__bootstrap': False, 'clf__max_depth': 3, 'clf__max_features': 0.5, 'clf__min_samples_leaf': 5, 'clf__min_samples_split': 5, 'clf__n_estimators': 50}",0.5867126833477135,0.574485596707819,0.5851239669421487,0.6123101518784972,0.5870479394449117,0.589136067664218,0.012474008991696053,29,0.597172399240346,0.5998768220078012,0.593573599652627,0.5935871743486973,0.592501536570375,0.5953423063639693,0.002763688003458396
0.3357564449310303,0.032824357196364985,0.02151336669921875,0.004307042857782898,False,3,0.5,5,5,100,"{'clf__bootstrap': False, 'clf__max_depth': 3, 'clf__max_features': 0.5, 'clf__min_samples_leaf': 5, 'clf__min_samples_split': 5, 'clf__n_estimators': 100}",0.5869191049913941,0.574485596707819,0.5721694036300777,0.6148867313915858,0.5870479394449117,0.5871017552331577,0.015193312592774363,69,0.5970149253731343,0.5997536945812808,0.5780189959294437,0.5934778205387887,0.592501536570375,0.5921533945986045,0.0075240358045491045
0.17254629135131835,0.006275387304269205,0.011893510818481445,0.0011168227633855752,False,3,0.5,10,2,50,"{'clf__bootstrap': False, 'clf__max_depth': 3, 'clf__max_features': 0.5, 'clf__min_samples_leaf': 10, 'clf__min_samples_split': 2, 'clf__n_estimators': 50}",0.5867126833477135,0.574485596707819,0.5851239669421487,0.6132906325060048,0.5870479394449117,0.5893321637897195,0.012839135926517507,25,0.597172399240346,0.5998768220078012,0.593573599652627,0.5935871743486973,0.592501536570375,0.5953423063639693,0.002763688003458396
0.3497553825378418,0.02724670449890788,0.019428586959838866,0.001447432856042415,False,3,0.5,10,2,100,"{'clf__bootstrap': False, 'clf__max_depth': 3, 'clf__max_features': 0.5, 'clf__min_samples_leaf': 10, 'clf__min_samples_split': 2, 'clf__n_estimators': 100}",0.5869191049913941,0.574485596707819,0.5721694036300777,0.6148867313915858,0.5870479394449117,0.5871017552331577,0.015193312592774363,69,0.5970149253731343,0.5997536945812808,0.5780189959294437,0.5933576346699069,0.592501536570375,0.5921293574248281,0.007519957115441101
0.17513022422790528,0.009674671129928066,0.01355280876159668,0.003118335789450352,False,3,0.5,10,5,50,"{'clf__bootstrap': False, 'clf__max_depth': 3, 'clf__max_features': 0.5, 'clf__min_samples_leaf': 10, 'clf__min_samples_split': 5, 'clf__n_estimators': 50}",0.5867126833477135,0.574485596707819,0.5851239669421487,0.6132906325060048,0.5870479394449117,0.5893321637897195,0.012839135926517507,25,0.597172399240346,0.5998768220078012,0.593573599652627,0.5935871743486973,0.592501536570375,0.5953423063639693,0.002763688003458396
0.32773165702819823,0.017804666712992027,0.020753002166748045,0.0030901904386182125,False,3,0.5,10,5,100,"{'clf__bootstrap': False, 'clf__max_depth': 3, 'clf__max_features': 0.5, 'clf__min_samples_leaf': 10, 'clf__min_samples_split': 5, 'clf__n_estimators': 100}",0.5869191049913941,0.574485596707819,0.5721694036300777,0.6148867313915858,0.5870479394449117,0.5871017552331577,0.015193312592774363,69,0.5970149253731343,0.5997536945812808,0.5780189959294437,0.5933576346699069,0.592501536570375,0.5921293574248281,0.007519957115441101
0.18330802917480468,0.026791971946992815,0.013003110885620117,0.0024819719182087876,False,3,0.5,20,2,50,"{'clf__bootstrap': False, 'clf__max_depth': 3, 'clf__max_features': 0.5, 'clf__min_samples_leaf': 20, 'clf__min_samples_split': 2, 'clf__n_estimators': 50}",0.5867126833477135,0.5756578947368421,0.5841584158415841,0.6132906325060048,0.5870479394449117,0.5893735131754112,0.012647785062812495,21,0.597172399240346,0.5996306176893085,0.5931064383264687,0.5935871743486973,0.592501536570375,0.5951996332350392,0.0027490595898579887
0.33731660842895506,0.016711637817360396,0.018981313705444335,0.0014589005860600973,False,3,0.5,20,2,100,"{'clf__bootstrap': False, 'clf__max_depth': 3, 'clf__max_features': 0.5, 'clf__min_samples_leaf': 20, 'clf__min_samples_split': 2, 'clf__n_estimators': 100}",0.5867126833477135,0.5756578947368421,0.5706896551724138,0.6148867313915858,0.5870479394449117,0.5869989808186934,0.01531290522244022,77,0.5973423328411728,0.5996306176893085,0.5774870290999323,0.5933576346699069,0.592501536570375,0.5920638301741391,0.0077390892258091355
0.1803114891052246,0.0097928124873698,0.012732696533203126,0.0006895000904621393,False,3,0.5,20,5,50,"{'clf__bootstrap': False, 'clf__max_depth': 3, 'clf__max_features': 0.5, 'clf__min_samples_leaf': 20, 'clf__min_samples_split': 5, 'clf__n_estimators': 50}",0.5867126833477135,0.5756578947368421,0.5841584158415841,0.6132906325060048,0.5870479394449117,0.5893735131754112,0.012647785062812495,21,0.597172399240346,0.5996306176893085,0.5931064383264687,0.5935871743486973,0.592501536570375,0.5951996332350392,0.0027490595898579887
0.3443718910217285,0.026981521598018702,0.02054939270019531,0.004483619741662046,False,3,0.5,20,5,100,"{'clf__bootstrap': False, 'clf__max_depth': 3, 'clf__max_features': 0.5, 'clf__min_samples_leaf': 20, 'clf__min_samples_split': 5, 'clf__n_estimators': 100}",0.5867126833477135,0.5756578947368421,0.5706896551724138,0.6148867313915858,0.5870479394449117,0.5869989808186934,0.01531290522244022,77,0.5973423328411728,0.5996306176893085,0.5774870290999323,0.5933576346699069,0.592501536570375,0.5920638301741391,0.0077390892258091355
0.216619873046875,0.005709061068770151,0.014191818237304688,0.002161254903306331,False,5,sqrt,5,2,50,"{'clf__bootstrap': False, 'clf__max_depth': 5, 'clf__max_features': 'sqrt', 'clf__min_samples_leaf': 5, 'clf__min_samples_split': 2, 'clf__n_estimators': 50}",0.5866900175131349,0.5754795663052544,0.5726210350584308,0.6116838487972509,0.5852813852813853,0.5863511705910912,0.013781960995702528,93,0.6058519793459552,0.6036560033236393,0.6050818260120586,0.59734702610184,0.6030534351145038,0.6029980539795993,0.002995232089993314
0.44251174926757814,0.021255789039053393,0.02335987091064453,0.004253805530746505,False,5,sqrt,5,2,100,"{'clf__bootstrap': False, 'clf__max_depth': 5, 'clf__max_features': 'sqrt', 'clf__min_samples_leaf': 5, 'clf__min_samples_split': 2, 'clf__n_estimators': 100}",0.5866900175131349,0.5752508361204013,0.5777777777777777,0.6056945642795514,0.5953408110440035,0.5881508013469737,0.011274949822513149,49,0.6032362459546926,0.6032472939217319,0.6039265898420828,0.5980308219178082,0.6026237833262802,0.602212946992519,0.0021313161560632924
0.2159280300140381,0.003899180529319018,0.013747739791870116,0.00271969649907393,False,5,sqrt,5,5,50,"{'clf__bootstrap': False, 'clf__max_depth': 5, 'clf__max_features': 'sqrt', 'clf__min_samples_leaf': 5, 'clf__min_samples_split': 5, 'clf__n_estimators': 50}",0.5866900175131349,0.5754795663052544,0.5726210350584308,0.6116838487972509,0.5852813852813853,0.5863511705910912,0.013781960995702528,93,0.6058519793459552,0.6036560033236393,0.6050818260120586,0.59734702610184,0.6030534351145038,0.6029980539795993,0.002995232089993314
0.4436470985412598,0.02441764384196424,0.023075628280639648,0.002899677479227891,False,5,sqrt,5,5,100,"{'clf__bootstrap': False, 'clf__max_depth': 5, 'clf__max_features': 'sqrt', 'clf__min_samples_leaf': 5, 'clf__min_samples_split': 5, 'clf__n_estimators': 100}",0.5866900175131349,0.5752508361204013,0.5777777777777777,0.6056945642795514,0.5953408110440035,0.5881508013469737,0.011274949822513149,49,0.6032362459546926,0.6032472939217319,0.6039265898420828,0.5980308219178082,0.6026237833262802,0.602212946992519,0.0021313161560632924
0.22106924057006835,0.012490143702641447,0.016521644592285157,0.003690377711815726,False,5,sqrt,10,2,50,"{'clf__bootstrap': False, 'clf__max_depth': 5, 'clf__max_features': 'sqrt', 'clf__min_samples_leaf': 10, 'clf__min_samples_split': 2, 'clf__n_estimators': 50}",0.5877192982456141,0.5740432612312812,0.5721434528773979,0.6070507308684436,0.5910652920962199,0.5864044070637914,0.012695638742112185,89,0.6026632302405498,0.6025295459257723,0.6061127851915626,0.5954983922829582,0.6024045560008437,0.6018417019283373,0.003462501186658985
0.4325700283050537,0.02943780216963411,0.021819591522216797,0.002891266635747316,False,5,sqrt,10,2,100,"{'clf__bootstrap': False, 'clf__max_depth': 5, 'clf__max_features': 'sqrt', 'clf__min_samples_leaf': 10, 'clf__min_samples_split': 2, 'clf__n_estimators': 100}",0.5841325196163906,0.5774058577405857,0.5777777777777777,0.6051724137931035,0.5969125214408233,0.5882802180737361,0.011005628605048147,41,0.6012401111823819,0.6030296742062669,0.6028156996587031,0.596137339055794,0.6031276415891801,0.6012700931384652,0.0026563725148099735
0.2288975238800049,0.007900433257033473,0.013192462921142577,0.002539842344985807,False,5,sqrt,10,5,50,"{'clf__bootstrap': False, 'clf__max_depth': 5, 'clf__max_features': 'sqrt', 'clf__min_samples_leaf': 10, 'clf__min_samples_split': 5, 'clf__n_estimators': 50}",0.5877192982456141,0.5740432612312812,0.5721434528773979,0.6070507308684436,0.5910652920962199,0.5864044070637914,0.012695638742112185,89,0.6026632302405498,0.6025295459257723,0.6061127851915626,0.5954983922829582,0.6024045560008437,0.6018417019283373,0.003462501186658985
0.41445441246032716,0.01145288704954236,0.022293996810913087,0.0029725517272225677,False,5,sqrt,10,5,100,"{'clf__bootstrap': False, 'clf__max_depth': 5, 'clf__max_features': 'sqrt', 'clf__min_samples_leaf': 10, 'clf__min_samples_split': 5, 'clf__n_estimators': 100}",0.5841325196163906,0.5774058577405857,0.5777777777777777,0.6051724137931035,0.5969125214408233,0.5882802180737361,0.011005628605048147,41,0.6012401111823819,0.6030296742062669,0.6028156996587031,0.596137339055794,0.6031276415891801,0.6012700931384652,0.0026563725148099735
0.22938551902770996,0.010985587486039733,0.013573932647705077,0.001438100334248877,False,5,sqrt,20,2,50,"{'clf__bootstrap': False, 'clf__max_depth': 5, 'clf__max_features': 'sqrt', 'clf__min_samples_leaf': 20, 'clf__min_samples_split': 2, 'clf__n_estimators': 50}",0.5852813852813853,0.5757575757575758,0.5783738474434199,0.6059027777777778,0.5960034752389227,0.5882638122998163,0.011261862312914228,45,0.6042065009560229,0.6020025031289111,0.6030434782608696,0.5940935546453977,0.600898780226835,0.6008489634436073,0.003551271236581381
0.4348609447479248,0.01579958271967332,0.023276472091674806,0.003009541216541111,False,5,sqrt,20,2,100,"{'clf__bootstrap': False, 'clf__max_depth': 5, 'clf__max_features': 'sqrt', 'clf__min_samples_leaf': 20, 'clf__min_samples_split': 2, 'clf__n_estimators': 100}",0.5846422338568935,0.5788590604026845,0.5821517931609674,0.608846487424111,0.5967042497831744,0.5902407649255662,0.011083932139623909,13,0.6011535996581927,0.6020386935718743,0.6027693639117265,0.5930707983645362,0.6017057569296376,0.6001476424871934,0.0035768950394092958
0.21355695724487306,0.01117242750796232,0.015710210800170897,0.004593657152911132,False,5,sqrt,20,5,50,"{'clf__bootstrap': False, 'clf__max_depth': 5, 'clf__max_features': 'sqrt', 'clf__min_samples_leaf': 20, 'clf__min_samples_split': 5, 'clf__n_estimators': 50}",0.5852813852813853,0.5757575757575758,0.5783738474434199,0.6059027777777778,0.5960034752389227,0.5882638122998163,0.011261862312914228,45,0.6042065009560229,0.6020025031289111,0.6030434782608696,0.5940935546453977,0.600898780226835,0.6008489634436073,0.003551271236581381
0.4307199001312256,0.01201956723216798,0.019854736328125,0.00143385031312859,False,5,sqrt,20,5,100,"{'clf__bootstrap': False, 'clf__max_depth': 5, 'clf__max_features': 'sqrt', 'clf__min_samples_leaf': 20, 'clf__min_samples_split': 5, 'clf__n_estimators': 100}",0.5846422338568935,0.5788590604026845,0.5821517931609674,0.608846487424111,0.5967042497831744,0.5902407649255662,0.011083932139623909,13,0.6011535996581927,0.6020386935718743,0.6027693639117265,0.5930707983645362,0.6017057569296376,0.6001476424871934,0.0035768950394092958
0.21840896606445312,0.01299562268869179,0.014657926559448243,0.0034847560329527433,False,5,0.5,5,2,50,"{'clf__bootstrap': False, 'clf__max_depth': 5, 'clf__max_features': 0.5, 'clf__min_samples_leaf': 5, 'clf__min_samples_split': 2, 'clf__n_estimators': 50}",0.5866900175131349,0.5754795663052544,0.5726210350584308,0.6116838487972509,0.5852813852813853,0.5863511705910912,0.013781960995702528,93,0.6058519793459552,0.6036560033236393,0.6050818260120586,0.59734702610184,0.6030534351145038,0.6029980539795993,0.002995232089993314
0.4298354148864746,0.016240811780968333,0.021939754486083984,0.002119072029750446,False,5,0.5,5,2,100,"{'clf__bootstrap': False, 'clf__max_depth': 5, 'clf__max_features': 0.5, 'clf__min_samples_leaf': 5, 'clf__min_samples_split': 2, 'clf__n_estimators': 100}",0.5866900175131349,0.5752508361204013,0.5777777777777777,0.6056945642795514,0.5953408110440035,0.5881508013469737,0.011274949822513149,49,0.6032362459546926,0.6032472939217319,0.6039265898420828,0.5980308219178082,0.6026237833262802,0.602212946992519,0.0021313161560632924
0.23132591247558593,0.018297497827255406,0.014019584655761719,0.0030865328788500243,False,5,0.5,5,5,50,"{'clf__bootstrap': False, 'clf__max_depth': 5, 'clf__max_features': 0.5, 'clf__min_samples_leaf': 5, 'clf__min_samples_split': 5, 'clf__n_estimators': 50}",0.5866900175131349,0.5754795663052544,0.5726210350584308,0.6116838487972509,0.5852813852813853,0.5863511705910912,0.013781960995702528,93,0.6058519793459552,0.6036560033236393,0.6050818260120586,0.59734702610184,0.6030534351145038,0.6029980539795993,0.002995232089993314
0.4162038803100586,0.01687146275896653,0.022034549713134767,0.0037791582685084806,False,5,0.5,5,5,100,"{'clf__bootstrap': False, 'clf__max_depth': 5, 'clf__max_features': 0.5, 'clf__min_samples_leaf': 5, 'clf__min_samples_split': 5, 'clf__n_estimators': 100}",0.5866900175131349,0.5752508361204013,0.5777777777777777,0.6056945642795514,0.5953408110440035,0.5881508013469737,0.011274949822513149,49,0.6032362459546926,0.6032472939217319,0.6039265898420828,0.5980308219178082,0.6026237833262802,0.602212946992519,0.0021313161560632924
0.2325587749481201,0.008215265822666327,0.013771390914916993,0.0015446538886990057,False,5,0.5,10,2,50,"{'clf__bootstrap': False, 'clf__max_depth': 5, 'clf__max_features': 0.5, 'clf__min_samples_leaf': 10, 'clf__min_samples_split': 2, 'clf__n_estimators': 50}",0.5877192982456141,0.5740432612312812,0.5721434528773979,0.6070507308684436,0.5910652920962199,0.5864044070637914,0.012695638742112185,89,0.6026632302405498,0.6025295459257723,0.6061127851915626,0.5954983922829582,0.6024045560008437,0.6018417019283373,0.003462501186658985
0.42874846458435056,0.025448382673167087,0.02204413414001465,0.0019506319894976405,False,5,0.5,10,2,100,"{'clf__bootstrap': False, 'clf__max_depth': 5, 'clf__max_features': 0.5, 'clf__min_samples_leaf': 10, 'clf__min_samples_split': 2, 'clf__n_estimators': 100}",0.5841325196163906,0.5774058577405857,0.5777777777777777,0.6051724137931035,0.5969125214408233,0.5882802180737361,0.011005628605048147,41,0.6012401111823819,0.6030296742062669,0.6028156996587031,0.596137339055794,0.6031276415891801,0.6012700931384652,0.0026563725148099735
0.22447547912597657,0.010539824499790395,0.014597415924072266,0.0017694594351574289,False,5,0.5,10,5,50,"{'clf__bootstrap': False, 'clf__max_depth': 5, 'clf__max_features': 0.5, 'clf__min_samples_leaf': 10, 'clf__min_samples_split': 5, 'clf__n_estimators': 50}",0.5877192982456141,0.5740432612312812,0.5721434528773979,0.6070507308684436,0.5910652920962199,0.5864044070637914,0.012695638742112185,89,0.6026632302405498,0.6025295459257723,0.6061127851915626,0.5954983922829582,0.6024045560008437,0.6018417019283373,0.003462501186658985
0.44127931594848635,0.03437089220132316,0.02394113540649414,0.0055359129170133425,False,5,0.5,10,5,100,"{'clf__bootstrap': False, 'clf__max_depth': 5, 'clf__max_features': 0.5, 'clf__min_samples_leaf': 10, 'clf__min_samples_split': 5, 'clf__n_estimators': 100}",0.5841325196163906,0.5774058577405857,0.5777777777777777,0.6051724137931035,0.5969125214408233,0.5882802180737361,0.011005628605048147,41,0.6012401111823819,0.6030296742062669,0.6028156996587031,0.596137339055794,0.6031276415891801,0.6012700931384652,0.0026563725148099735
0.21129269599914552,0.007748153279337531,0.01385188102722168,0.0008952334776675075,False,5,0.5,20,2,50,"{'clf__bootstrap': False, 'clf__max_depth': 5, 'clf__max_features': 0.5, 'clf__min_samples_leaf': 20, 'clf__min_samples_split': 2, 'clf__n_estimators': 50}",0.5852813852813853,0.5757575757575758,0.5783738474434199,0.6059027777777778,0.5960034752389227,0.5882638122998163,0.011261862312914228,45,0.6042065009560229,0.6020025031289111,0.6030434782608696,0.5940935546453977,0.600898780226835,0.6008489634436073,0.003551271236581381
0.43740167617797854,0.028708559410363366,0.020068931579589843,0.0023778684147497927,False,5,0.5,20,2,100,"{'clf__bootstrap': False, 'clf__max_depth': 5, 'clf__max_features': 0.5, 'clf__min_samples_leaf': 20, 'clf__min_samples_split': 2, 'clf__n_estimators': 100}",0.5846422338568935,0.5788590604026845,0.5821517931609674,0.608846487424111,0.5967042497831744,0.5902407649255662,0.011083932139623909,13,0.6011535996581927,0.6020386935718743,0.6027693639117265,0.5930707983645362,0.6017057569296376,0.6001476424871934,0.0035768950394092958
0.2087851047515869,0.009684890879794366,0.015058422088623047,0.00036427452186144174,False,5,0.5,20,5,50,"{'clf__bootstrap': False, 'clf__max_depth': 5, 'clf__max_features': 0.5, 'clf__min_samples_leaf': 20, 'clf__min_samples_split': 5, 'clf__n_estimators': 50}",0.5852813852813853,0.5757575757575758,0.5783738474434199,0.6059027777777778,0.5960034752389227,0.5882638122998163,0.011261862312914228,45,0.6042065009560229,0.6020025031289111,0.6030434782608696,0.5940935546453977,0.600898780226835,0.6008489634436073,0.003551271236581381
0.4278844356536865,0.027298094618312233,0.023020601272583006,0.0019343468903250255,False,5,0.5,20,5,100,"{'clf__bootstrap': False, 'clf__max_depth': 5, 'clf__max_features': 0.5, 'clf__min_samples_leaf': 20, 'clf__min_samples_split': 5, 'clf__n_estimators': 100}",0.5846422338568935,0.5788590604026845,0.5821517931609674,0.608846487424111,0.5967042497831744,0.5902407649255662,0.011083932139623909,13,0.6011535996581927,0.6020386935718743,0.6027693639117265,0.5930707983645362,0.6017057569296376,0.6001476424871934,0.0035768950394092958
0.2816612720489502,0.025798222743610794,0.016538143157958984,0.004183983191359426,False,7,sqrt,5,2,50,"{'clf__bootstrap': False, 'clf__max_depth': 7, 'clf__max_features': 'sqrt', 'clf__min_samples_leaf': 5, 'clf__min_samples_split': 2, 'clf__n_estimators': 50}",0.5825242718446602,0.5706851691240243,0.565587734241908,0.5984112974404237,0.578806767586821,0.5792030480475674,0.01129668483967598,141,0.622017947034362,0.6295979469632165,0.6262403528114664,0.6186291739894552,0.6275984077841663,0.6248167657165332,0.003968463287460213
0.5163729667663575,0.012928515262125045,0.0263702392578125,0.003567321484192131,False,7,sqrt,5,2,100,"{'clf__bootstrap': False, 'clf__max_depth': 7, 'clf__max_features': 'sqrt', 'clf__min_samples_leaf': 5, 'clf__min_samples_split': 2, 'clf__n_estimators': 100}",0.5823008849557522,0.5731497418244407,0.5658119658119658,0.6005267778753293,0.5762411347517731,0.5796061010438521,0.01173219773726487,137,0.6202974628171478,0.6272591962577079,0.6251937126411335,0.6202503843619591,0.6258533362695442,0.6237708184694984,0.002932164510995103
0.2884813785552979,0.02694850153346007,0.016760873794555663,0.0018662455073532942,False,7,sqrt,5,5,50,"{'clf__bootstrap': False, 'clf__max_depth': 7, 'clf__max_features': 'sqrt', 'clf__min_samples_leaf': 5, 'clf__min_samples_split': 5, 'clf__n_estimators': 50}",0.5825242718446602,0.5706851691240243,0.565587734241908,0.5984112974404237,0.578806767586821,0.5792030480475674,0.01129668483967598,141,0.622017947034362,0.6295979469632165,0.6262403528114664,0.6186291739894552,0.6275984077841663,0.6248167657165332,0.003968463287460213
0.5479181289672852,0.01909444469859355,0.026442956924438477,0.00455331780995632,False,7,sqrt,5,5,100,"{'clf__bootstrap': False, 'clf__max_depth': 7, 'clf__max_features': 'sqrt', 'clf__min_samples_leaf': 5, 'clf__min_samples_split': 5, 'clf__n_estimators': 100}",0.5823008849557522,0.5731497418244407,0.5658119658119658,0.6005267778753293,0.5762411347517731,0.5796061010438521,0.01173219773726487,137,0.6202974628171478,0.6272591962577079,0.6251937126411335,0.6202503843619591,0.6258533362695442,0.6237708184694984,0.002932164510995103
0.25325379371643064,0.009226018257277304,0.01860222816467285,0.004453706094240212,False,7,sqrt,10,2,50,"{'clf__bootstrap': False, 'clf__max_depth': 7, 'clf__max_features': 'sqrt', 'clf__min_samples_leaf': 10, 'clf__min_samples_split': 2, 'clf__n_estimators': 50}",0.5807017543859649,0.5677083333333334,0.5709459459459459,0.6038394415357766,0.5785270629991127,0.5803445076400268,0.01267634420527076,133,0.6201954397394137,0.620380260628071,0.6191828708761198,0.6149500217296827,0.6157224418093983,0.618086206956537,0.002295093043025562
0.5299659729003906,0.01659956342762644,0.02859077453613281,0.006967771362249327,False,7,sqrt,10,2,100,"{'clf__bootstrap': False, 'clf__max_depth': 7, 'clf__max_features': 'sqrt', 'clf__min_samples_leaf': 10, 'clf__min_samples_split': 2, 'clf__n_estimators': 100}",0.5836236933797909,0.5696969696969697,0.5709459459459459,0.6029798422436459,0.5805877114870882,0.5815668325506882,0.011978340578519724,129,0.6207195491980928,0.6215753424657534,0.6216393442622951,0.6146150500217485,0.6172731258220079,0.6191644823539796,0.002779567768917118
0.27048521041870116,0.01948043943874978,0.01514139175415039,0.0015367823021451867,False,7,sqrt,10,5,50,"{'clf__bootstrap': False, 'clf__max_depth': 7, 'clf__max_features': 'sqrt', 'clf__min_samples_leaf': 10, 'clf__min_samples_split': 5, 'clf__n_estimators': 50}",0.5807017543859649,0.5677083333333334,0.5709459459459459,0.6038394415357766,0.5785270629991127,0.5803445076400268,0.01267634420527076,133,0.6201954397394137,0.620380260628071,0.6191828708761198,0.6149500217296827,0.6157224418093983,0.618086206956537,0.002295093043025562
0.5264502048492432,0.02713297444132691,0.025128602981567383,0.00230582332225308,False,7,sqrt,10,5,100,"{'clf__bootstrap': False, 'clf__max_depth': 7, 'clf__max_features': 'sqrt', 'clf__min_samples_leaf': 10, 'clf__min_samples_split': 5, 'clf__n_estimators': 100}",0.5836236933797909,0.5696969696969697,0.5709459459459459,0.6029798422436459,0.5805877114870882,0.5815668325506882,0.011978340578519724,129,0.6207195491980928,0.6215753424657534,0.6216393442622951,0.6146150500217485,0.6172731258220079,0.6191644823539796,0.002779567768917118
0.2567729473114014,0.00817358262326938,0.01578512191772461,0.002259384020121106,False,7,sqrt,20,2,50,"{'clf__bootstrap': False, 'clf__max_depth': 7, 'clf__max_features': 'sqrt', 'clf__min_samples_leaf': 20, 'clf__min_samples_split': 2, 'clf__n_estimators': 50}",0.5876198779424586,0.5692175408426483,0.5769881556683587,0.6003552397868561,0.580301685891748,0.5828965000264139,0.010543940541928096,125,0.6146193771626297,0.6131231359181935,0.6129597197898424,0.6038069942452412,0.6152493957372006,0.6119517245706215,0.004164514292325033
0.5178594589233398,0.027646605012614643,0.024079275131225587,0.001505354498107701,False,7,sqrt,20,2,100,"{'clf__bootstrap': False, 'clf__max_depth': 7, 'clf__max_features': 'sqrt', 'clf__min_samples_leaf': 20, 'clf__min_samples_split': 2, 'clf__n_estimators': 100}",0.5841325196163906,0.5694682675814752,0.5774767146486028,0.6046099290780141,0.5802469135802469,0.583186868900946,0.011741303025318355,121,0.6125813449023861,0.6144706131975387,0.6128536959859618,0.6067267531325566,0.6133739925942061,0.6120012799625298,0.0027153514795047874
0.2616603851318359,0.012130944612181671,0.016172218322753906,0.002412218636383302,False,7,sqrt,20,5,50,"{'clf__bootstrap': False, 'clf__max_depth': 7, 'clf__max_features': 'sqrt', 'clf__min_samples_leaf': 20, 'clf__min_samples_split': 5, 'clf__n_estimators': 50}",0.5876198779424586,0.5692175408426483,0.5769881556683587,0.6003552397868561,0.580301685891748,0.5828965000264139,0.010543940541928096,125,0.6146193771626297,0.6131231359181935,0.6129597197898424,0.6038069942452412,0.6152493957372006,0.6119517245706215,0.004164514292325033
0.5270735263824463,0.022349177792596747,0.024759674072265626,0.002884553027841949,False,7,sqrt,20,5,100,"{'clf__bootstrap': False, 'clf__max_depth': 7, 'clf__max_features': 'sqrt', 'clf__min_samples_leaf': 20, 'clf__min_samples_split': 5, 'clf__n_estimators': 100}",0.5841325196163906,0.5694682675814752,0.5774767146486028,0.6046099290780141,0.5802469135802469,0.583186868900946,0.011741303025318355,121,0.6125813449023861,0.6144706131975387,0.6128536959859618,0.6067267531325566,0.6133739925942061,0.6120012799625298,0.0027153514795047874
0.2603022575378418,0.006601096868265079,0.016165924072265626,0.0023487923588247275,False,7,0.5,5,2,50,"{'clf__bootstrap': False, 'clf__max_depth': 7, 'clf__max_features': 0.5, 'clf__min_samples_leaf': 5, 'clf__min_samples_split': 2, 'clf__n_estimators': 50}",0.5825242718446602,0.5706851691240243,0.565587734241908,0.5984112974404237,0.578806767586821,0.5792030480475674,0.01129668483967598,141,0.622017947034362,0.6295979469632165,0.6262403528114664,0.6186291739894552,0.6275984077841663,0.6248167657165332,0.003968463287460213
0.544024658203125,0.022966723963101468,0.02581167221069336,0.0024740269176525735,False,7,0.5,5,2,100,"{'clf__bootstrap': False, 'clf__max_depth': 7, 'clf__max_features': 0.5, 'clf__min_samples_leaf': 5, 'clf__min_samples_split': 2, 'clf__n_estimators': 100}",0.5823008849557522,0.5731497418244407,0.5658119658119658,0.6005267778753293,0.5762411347517731,0.5796061010438521,0.01173219773726487,137,0.6202974628171478,0.6272591962577079,0.6251937126411335,0.6202503843619591,0.6258533362695442,0.6237708184694984,0.002932164510995103
0.2693808555603027,0.012696208998321353,0.0155242919921875,0.0014105215480395836,False,7,0.5,5,5,50,"{'clf__bootstrap': False, 'clf__max_depth': 7, 'clf__max_features': 0.5, 'clf__min_samples_leaf': 5, 'clf__min_samples_split': 5, 'clf__n_estimators': 50}",0.5825242718446602,0.5706851691240243,0.565587734241908,0.5984112974404237,0.578806767586821,0.5792030480475674,0.01129668483967598,141,0.622017947034362,0.6295979469632165,0.6262403528114664,0.6186291739894552,0.6275984077841663,0.6248167657165332,0.003968463287460213
0.5424309253692627,0.038338754227865715,0.023180007934570312,0.00048051221366884943,False,7,0.5,5,5,100,"{'clf__bootstrap': False, 'clf__max_depth': 7, 'clf__max_features': 0.5, 'clf__min_samples_leaf': 5, 'clf__min_samples_split': 5, 'clf__n_estimators': 100}",0.5823008849557522,0.5731497418244407,0.5658119658119658,0.6005267778753293,0.5762411347517731,0.5796061010438521,0.01173219773726487,137,0.6202974628171478,0.6272591962577079,0.6251937126411335,0.6202503843619591,0.6258533362695442,0.6237708184694984,0.002932164510995103
0.307019567489624,0.05108300626859494,0.016752910614013673,0.0030087301993546004,False,7,0.5,10,2,50,"{'clf__bootstrap': False, 'clf__max_depth': 7, 'clf__max_features': 0.5, 'clf__min_samples_leaf': 10, 'clf__min_samples_split': 2, 'clf__n_estimators': 50}",0.5807017543859649,0.5677083333333334,0.5709459459459459,0.6038394415357766,0.5785270629991127,0.5803445076400268,0.01267634420527076,133,0.6201954397394137,0.620380260628071,0.6191828708761198,0.6149500217296827,0.6157224418093983,0.618086206956537,0.002295093043025562
0.566407299041748,0.0170604116866648,0.026643800735473632,0.0017796053271468396,False,7,0.5,10,2,100,"{'clf__bootstrap': False, 'clf__max_depth': 7, 'clf__max_features': 0.5, 'clf__min_samples_leaf': 10, 'clf__min_samples_split': 2, 'clf__n_estimators': 100}",0.5836236933797909,0.5696969696969697,0.5709459459459459,0.6029798422436459,0.5805877114870882,0.5815668325506882,0.011978340578519724,129,0.6207195491980928,0.6215753424657534,0.6216393442622951,0.6146150500217485,0.6172731258220079,0.6191644823539796,0.002779567768917118
0.27554926872253416,0.017961899353196878,0.017682981491088868,0.0022998117959123748,False,7,0.5,10,5,50,"{'clf__bootstrap': False, 'clf__max_depth': 7, 'clf__max_features': 0.5, 'clf__min_samples_leaf': 10, 'clf__min_samples_split': 5, 'clf__n_estimators': 50}",0.5807017543859649,0.5677083333333334,0.5709459459459459,0.6038394415357766,0.5785270629991127,0.5803445076400268,0.01267634420527076,133,0.6201954397394137,0.620380260628071,0.6191828708761198,0.6149500217296827,0.6157224418093983,0.618086206956537,0.002295093043025562
0.5312784671783447,0.03548457704436599,0.029546833038330077,0.004272817487718934,False,7,0.5,10,5,100,"{'clf__bootstrap': False, 'clf__max_depth': 7, 'clf__max_features': 0.5, 'clf__min_samples_leaf': 10, 'clf__min_samples_split': 5, 'clf__n_estimators': 100}",0.5836236933797909,0.5696969696969697,0.5709459459459459,0.6029798422436459,0.5805877114870882,0.5815668325506882,0.011978340578519724,129,0.6207195491980928,0.6215753424657534,0.6216393442622951,0.6146150500217485,0.6172731258220079,0.6191644823539796,0.002779567768917118
0.26487507820129397,0.01566154164672421,0.014577007293701172,0.0012306457652058015,False,7,0.5,20,2,50,"{'clf__bootstrap': False, 'clf__max_depth': 7, 'clf__max_features': 0.5, 'clf__min_samples_leaf': 20, 'clf__min_samples_split': 2, 'clf__n_estimators': 50}",0.5876198779424586,0.5692175408426483,0.5769881556683587,0.6003552397868561,0.580301685891748,0.5828965000264139,0.010543940541928096,125,0.6146193771626297,0.6131231359181935,0.6129597197898424,0.6038069942452412,0.6152493957372006,0.6119517245706215,0.004164514292325033
0.5056889057159424,0.028766539205837653,0.026159048080444336,0.00304889830716632,False,7,0.5,20,2,100,"{'clf__bootstrap': False, 'clf__max_depth': 7, 'clf__max_features': 0.5, 'clf__min_samples_leaf': 20, 'clf__min_samples_split': 2, 'clf__n_estimators': 100}",0.5841325196163906,0.5694682675814752,0.5774767146486028,0.6046099290780141,0.5802469135802469,0.583186868900946,0.011741303025318355,121,0.6125813449023861,0.6144706131975387,0.6128536959859618,0.6067267531325566,0.6133739925942061,0.6120012799625298,0.0027153514795047874
0.26703357696533203,0.007607763723879763,0.01669144630432129,0.0036899419976951222,False,7,0.5,20,5,50,"{'clf__bootstrap': False, 'clf__max_depth': 7, 'clf__max_features': 0.5, 'clf__min_samples_leaf': 20, 'clf__min_samples_split': 5, 'clf__n_estimators': 50}",0.5876198779424586,0.5692175408426483,0.5769881556683587,0.6003552397868561,0.580301685891748,0.5828965000264139,0.010543940541928096,125,0.6146193771626297,0.6131231359181935,0.6129597197898424,0.6038069942452412,0.6152493957372006,0.6119517245706215,0.004164514292325033
0.47499737739562986,0.01368282800900691,0.02044534683227539,0.0013013331338204653,False,7,0.5,20,5,100,"{'clf__bootstrap': False, 'clf__max_depth': 7, 'clf__max_features': 0.5, 'clf__min_samples_leaf': 20, 'clf__min_samples_split': 5, 'clf__n_estimators': 100}",0.5841325196163906,0.5694682675814752,0.5774767146486028,0.6046099290780141,0.5802469135802469,0.583186868900946,0.011741303025318355,121,0.6125813449023861,0.6144706131975387,0.6128536959859618,0.6067267531325566,0.6133739925942061,0.6120012799625298,0.0027153514795047874
